                  epoch,         train/box_loss,         train/cls_loss,         train/dfl_loss,   metrics/precision(B),      metrics/recall(B),       metrics/mAP50(B),    metrics/mAP50-95(B),           val/box_loss,           val/cls_loss,           val/dfl_loss,                 lr/pg0,                 lr/pg1,                 lr/pg2
                      1,                 1.0058,                 2.1306,                 1.0897,                0.97913,                0.09981,                0.79351,                0.59243,                 0.8581,                 2.7901,                0.90589,             0.00054211,             0.00054211,             0.00054211
                      2,                0.96588,                 1.2485,                 1.0644,                0.73611,                0.51068,                0.67436,                0.45885,                 1.0224,                 2.2616,                 1.0883,              0.0010956,              0.0010956,              0.0010956
                      3,                0.96541,                 1.1814,                 1.0779,                0.72201,                0.81766,                0.81996,                0.61296,                0.92881,                 1.4617,                 1.0685,              0.0016469,              0.0016469,              0.0016469
                      4,                0.96419,                 1.0684,                 1.0732,                0.73073,                0.77102,                0.89606,                0.65436,                0.93316,                  1.495,                 1.0438,              0.0016571,              0.0016571,              0.0016571
                      5,                0.94789,                0.94852,                 1.0791,                 0.7502,                0.70093,                0.71864,                0.53324,                0.95378,                 1.8654,                 1.0807,              0.0016571,              0.0016571,              0.0016571
                      6,                0.94323,                0.93103,                 1.0674,                0.92499,                0.94225,                0.95146,                0.71984,                0.86649,                0.97094,                 1.0163,              0.0016538,              0.0016538,              0.0016538
                      7,                0.92167,                0.81957,                 1.0615,                0.89529,                0.91687,                0.94111,                0.69949,                0.91625,                0.83815,                 1.0448,              0.0016505,              0.0016505,              0.0016505
                      8,                0.89933,                0.76856,                 1.0594,                 0.9069,                0.92258,                  0.948,                0.71753,                0.88826,                0.74703,                 1.0212,              0.0016472,              0.0016472,              0.0016472
                      9,                0.90215,                 0.7167,                 1.0657,                0.90813,                0.94601,                 0.9481,                0.73445,                 0.8744,                0.74247,                 1.0323,              0.0016439,              0.0016439,              0.0016439
                     10,                0.90065,                0.72767,                 1.0523,                0.89814,                0.92278,                0.95109,                0.73925,                0.85313,                 0.6956,                 1.0132,              0.0016406,              0.0016406,              0.0016406
                     11,                0.91615,                0.70882,                 1.0572,                0.88766,                0.86745,                0.92202,                0.68048,                0.94229,                0.79572,                 1.0767,              0.0016373,              0.0016373,              0.0016373
                     12,                0.91201,                0.69102,                 1.0704,                0.91039,                0.93245,                0.95603,                0.75158,                0.83533,                0.64398,                 1.0125,               0.001634,               0.001634,               0.001634
                     13,                0.89134,                0.65416,                 1.0558,                0.89538,                0.96592,                0.95376,                0.74102,                0.80546,                0.61085,                 1.0018,              0.0016307,              0.0016307,              0.0016307
                     14,                0.87776,                0.60818,                 1.0459,                0.90606,                0.93818,                0.94905,                0.74102,                0.86513,                0.64636,                 1.0339,              0.0016274,              0.0016274,              0.0016274
                     15,                0.89404,                0.63331,                 1.0526,                0.92118,                0.94418,                0.96923,                 0.7693,                0.80553,                0.58242,                 0.9925,              0.0016241,              0.0016241,              0.0016241
                     16,                0.87705,                0.62048,                 1.0472,                0.88658,                 0.9592,                0.95728,                0.72677,                0.87037,                0.60249,                 1.0139,              0.0016208,              0.0016208,              0.0016208
                     17,                 0.8551,                0.59227,                 1.0299,                0.91026,                0.95665,                0.96045,                0.75552,                0.81359,                0.55604,                 1.0225,              0.0016175,              0.0016175,              0.0016175
                     18,                0.84782,                0.57857,                 1.0366,                0.88924,                0.95577,                0.95773,                0.74896,                0.84018,                 0.5885,                 1.0185,              0.0016142,              0.0016142,              0.0016142
                     19,                0.86713,                0.57322,                 1.0426,                0.92899,                 0.9264,                0.95686,                0.75513,                0.81996,                0.56791,                 1.0085,              0.0016109,              0.0016109,              0.0016109
                     20,                0.84518,                0.56413,                 1.0339,                 0.8793,                0.97454,                0.95077,                0.73369,                0.83954,                 0.5968,                 1.0279,              0.0016076,              0.0016076,              0.0016076
                     21,                0.82632,                0.54979,                 1.0214,                 0.9104,                0.96683,                  0.955,                0.74748,                0.80209,                0.55276,                 1.0022,              0.0016043,              0.0016043,              0.0016043
                     22,                0.84485,                0.55228,                 1.0193,                0.90355,                0.93299,                0.95099,                0.74585,                0.80033,                0.58366,                0.99234,               0.001601,               0.001601,               0.001601
                     23,                0.84507,                 0.5677,                 1.0365,                0.91814,                0.93774,                 0.9578,                0.75452,                0.81376,                0.57398,                 1.0069,              0.0015977,              0.0015977,              0.0015977
                     24,                0.84873,                0.55303,                 1.0257,                0.92121,                0.96347,                0.96002,                0.75815,                0.83842,                0.52336,                 1.0009,              0.0015944,              0.0015944,              0.0015944
                     25,                 0.8284,                0.51932,                 1.0218,                0.91547,                0.96146,                0.96079,                  0.766,                0.80932,                0.52262,                 1.0094,              0.0015911,              0.0015911,              0.0015911
                     26,                0.84653,                0.54484,                 1.0371,                0.90685,                0.96689,                0.94918,                0.75428,                0.78491,                 0.5293,                0.99751,              0.0015878,              0.0015878,              0.0015878
                     27,                 0.8324,                0.53772,                 1.0247,                0.90793,                0.94406,                0.95343,                0.74443,                0.81453,                0.53276,                0.99921,              0.0015845,              0.0015845,              0.0015845
                     28,                0.80815,                0.52112,                 1.0198,                0.88533,                0.97682,                0.96038,                 0.7603,                0.81604,                0.51653,                 1.0054,              0.0015812,              0.0015812,              0.0015812
                     29,                0.81391,                0.52957,                 1.0254,                0.90111,                0.96137,                0.96258,                0.75755,                0.80882,                0.51424,                0.99617,              0.0015779,              0.0015779,              0.0015779
                     30,                 0.8376,                0.51986,                 1.0338,                0.92043,                0.94381,                0.95526,                0.76085,                0.81872,                0.58059,                 1.0121,              0.0015746,              0.0015746,              0.0015746
                     31,                0.85125,                0.52886,                 1.0462,                0.92049,                0.95723,                0.96347,                0.77803,                0.78142,                0.50141,                 1.0006,              0.0015713,              0.0015713,              0.0015713
                     32,                0.82082,                0.50953,                  1.025,                0.91991,                0.96986,                 0.9707,                0.77982,                0.76342,                0.45785,                0.98788,               0.001568,               0.001568,               0.001568
                     33,                0.80275,                0.50502,                 1.0114,                0.92858,                0.94763,                0.96872,                 0.7732,                 0.7938,                0.48852,                0.99183,              0.0015647,              0.0015647,              0.0015647
                     34,                0.80542,                0.50433,                 1.0163,                0.89781,                0.96224,                0.95169,                0.75936,                0.80229,                0.50852,                 1.0076,              0.0015614,              0.0015614,              0.0015614
                     35,                0.82977,                0.53191,                  1.031,                0.93331,                0.93754,                0.95819,                0.76634,                0.77777,                0.50596,                0.98414,              0.0015581,              0.0015581,              0.0015581
                     36,                 0.8168,                0.49946,                 1.0256,                0.91424,                0.96773,                 0.9649,                0.76596,                0.79293,                0.50984,                0.99252,              0.0015548,              0.0015548,              0.0015548
                     37,                0.80412,                0.50682,                 1.0158,                0.92444,                0.94335,                0.96297,                0.76821,                0.80483,                0.50224,                 1.0009,              0.0015515,              0.0015515,              0.0015515
                     38,                0.77319,                0.49337,                 1.0042,                0.92209,                  0.971,                0.96344,                0.77325,                 0.7898,                0.48783,                0.99766,              0.0015482,              0.0015482,              0.0015482
                     39,                0.79457,                0.48824,                 1.0077,                0.92735,                0.95256,                0.96562,                0.76802,                0.80915,                0.49968,                0.99994,              0.0015449,              0.0015449,              0.0015449
                     40,                0.81234,                0.51176,                 1.0174,                0.90654,                 0.9679,                0.95886,                0.77217,                  0.791,                0.49326,                0.99164,              0.0015416,              0.0015416,              0.0015416
                     41,                0.78638,                0.48475,                  1.003,                0.90227,                0.96325,                0.95895,                0.76956,                0.79896,                0.47931,                 0.9971,              0.0015383,              0.0015383,              0.0015383
                     42,                0.78601,                0.47484,                 1.0031,                0.91839,                0.94482,                0.96079,                0.76509,                0.81009,                0.53297,                 1.0049,               0.001535,               0.001535,               0.001535
                     43,                0.82981,                 0.4999,                 1.0268,                 0.9123,                0.96665,                0.96942,                 0.7877,                0.77321,                0.46314,                0.98553,              0.0015317,              0.0015317,              0.0015317
                     44,                0.79118,                0.48044,                 1.0042,                0.92511,                 0.9632,                0.96979,                0.77724,                0.78625,                0.47187,                0.98956,              0.0015284,              0.0015284,              0.0015284
                     45,                0.78883,                0.47292,                 1.0101,                 0.9129,                  0.971,                0.96219,                0.78107,                0.76189,                0.46894,                0.98542,              0.0015251,              0.0015251,              0.0015251
                     46,                0.78112,                0.48365,                  1.001,                0.91578,                0.95133,                0.95781,                0.76078,                0.79262,                0.49799,                0.99926,              0.0015218,              0.0015218,              0.0015218
                     47,                0.77354,                0.48544,                 1.0079,                0.88918,                0.96665,                 0.9552,                0.76807,                0.80407,                0.52111,                 1.0122,              0.0015185,              0.0015185,              0.0015185
                     48,                0.78601,                0.47321,                 1.0145,                0.91639,                0.94953,                0.96123,                0.78034,                0.76516,                0.48367,                0.98264,              0.0015152,              0.0015152,              0.0015152
                     49,                0.79327,                0.47313,                 1.0207,                0.91927,                0.93992,                0.96189,                0.78423,                0.76864,                0.49236,                0.98027,              0.0015119,              0.0015119,              0.0015119
                     50,                0.78149,                0.48348,                 1.0171,                0.90173,                0.95142,                0.94984,                0.75719,                0.79893,                0.52123,                0.99791,              0.0015086,              0.0015086,              0.0015086
                     51,                0.80443,                0.48263,                 1.0109,                0.91325,                 0.9507,                0.96502,                0.77888,                0.77692,                 0.5002,                0.98555,              0.0015053,              0.0015053,              0.0015053
                     52,                0.76167,                0.45803,                0.99303,                0.92209,                0.94127,                0.95596,                 0.7762,                0.78582,                0.48648,                0.99086,               0.001502,               0.001502,               0.001502
                     53,                0.76942,                0.45838,                0.99771,                0.92403,                0.95887,                0.96132,                0.76399,                0.79606,                0.46128,                 1.0158,              0.0014987,              0.0014987,              0.0014987
                     54,                0.76673,                0.45365,                 1.0022,                0.91257,                0.95831,                0.95937,                0.78344,                0.77235,                0.48363,                 0.9929,              0.0014954,              0.0014954,              0.0014954
                     55,                0.77718,                 0.4641,                 1.0071,                0.91028,                0.94381,                0.95539,                0.75044,                0.80863,                  0.581,                0.99835,              0.0014921,              0.0014921,              0.0014921
                     56,                0.75387,                  0.441,                0.99234,                0.93474,                0.93229,                0.95582,                0.77292,                0.77674,                0.48234,                0.99495,              0.0014888,              0.0014888,              0.0014888
                     57,                0.80031,                0.47008,                 1.0236,                0.91371,                0.95609,                 0.9644,                0.77909,                0.76201,                 0.4669,                0.97567,              0.0014855,              0.0014855,              0.0014855
                     58,                0.76524,                0.45145,                 1.0028,                0.91442,                0.97608,                0.96378,                0.77878,                0.75181,                0.47765,                0.97865,              0.0014822,              0.0014822,              0.0014822
                     59,                0.78637,                0.46873,                 1.0063,                0.94314,                0.93501,                0.95972,                 0.7692,                 0.7851,                0.47452,                0.99317,              0.0014789,              0.0014789,              0.0014789
                     60,                0.78384,                0.46421,                 1.0074,                0.90986,                 0.9724,                0.96042,                0.75578,                0.82166,                0.48737,                 1.0045,              0.0014756,              0.0014756,              0.0014756
                     61,                0.75648,                0.44837,                0.98953,                0.92249,                0.95577,                0.96118,                0.75968,                0.79757,                0.47082,                0.99197,              0.0014723,              0.0014723,              0.0014723
                     62,                0.76041,                0.45348,                0.99937,                0.91717,                0.95323,                 0.9589,                 0.7815,                 0.7563,                0.45751,                0.97507,               0.001469,               0.001469,               0.001469
                     63,                0.78025,                0.46636,                 1.0034,                0.92254,                0.95964,                0.96713,                0.79325,                0.74803,                0.44752,                0.97247,              0.0014657,              0.0014657,              0.0014657
                     64,                0.74908,                0.44261,                0.98219,                0.91288,                0.96165,                0.96017,                0.78343,                0.75744,                0.44985,                0.97564,              0.0014624,              0.0014624,              0.0014624
                     65,                0.73495,                0.44106,                0.98185,                0.90708,                0.96158,                0.96869,                0.78983,                 0.7659,                0.46782,                0.98475,              0.0014591,              0.0014591,              0.0014591
                     66,                0.75966,                0.47274,                 1.0044,                0.91007,                0.93261,                0.95546,                0.77039,                0.80717,                0.53549,                0.99974,              0.0014558,              0.0014558,              0.0014558
                     67,                0.75684,                0.45035,                0.99366,                0.91565,                0.94997,                  0.962,                0.77663,                0.77868,                0.50164,                0.99652,              0.0014525,              0.0014525,              0.0014525
                     68,                0.74929,                 0.4389,                0.99507,                  0.918,                0.95451,                0.95766,                0.77515,                0.79112,                0.47647,                0.99477,              0.0014492,              0.0014492,              0.0014492
                     69,                0.74304,                0.43365,                0.99167,                0.92563,                 0.9511,                0.95634,                0.77328,                0.77654,                0.46318,                0.98636,              0.0014459,              0.0014459,              0.0014459
                     70,                0.77468,                0.43708,                 0.9944,                0.94887,                0.93374,                0.96799,                0.78923,                0.77106,                0.46248,                0.98619,              0.0014426,              0.0014426,              0.0014426
                     71,                0.74554,                0.44907,                 0.9878,                0.91342,                0.96411,                0.96079,                0.76473,                0.79689,                0.45792,                0.99862,              0.0014393,              0.0014393,              0.0014393
                     72,                0.75671,                0.43612,                 1.0019,                0.91958,                0.94116,                0.96022,                0.77852,                0.80985,                0.48475,                 0.9984,               0.001436,               0.001436,               0.001436
                     73,                0.75955,                0.45098,                0.99402,                0.92847,                  0.962,                0.96966,                0.78331,                0.77524,                0.45698,                0.98748,              0.0014327,              0.0014327,              0.0014327
                     74,                0.72517,                0.43236,                0.98336,                0.90171,                0.95207,                0.96334,                0.77574,                0.78374,                 0.5058,                0.99925,              0.0014294,              0.0014294,              0.0014294
                     75,                0.73066,                0.43294,                0.98635,                0.90381,                0.96411,                0.95734,                 0.7782,                0.78468,                 0.4889,                 1.0001,              0.0014261,              0.0014261,              0.0014261
                     76,                0.74664,                0.42706,                0.98936,                0.90397,                0.95396,                 0.9582,                0.78349,                0.77138,                0.46391,                0.98363,              0.0014228,              0.0014228,              0.0014228
                     77,                0.74145,                0.43824,                0.99578,                0.91489,                0.95344,                0.96151,                0.77908,                0.79585,                0.47512,                  1.005,              0.0014195,              0.0014195,              0.0014195
                     78,                0.74072,                0.42654,                0.98353,                0.92648,                0.94054,                0.96204,                0.78944,                0.75957,                0.47049,                0.97581,              0.0014161,              0.0014161,              0.0014161
                     79,                0.75078,                0.44342,                0.99129,                0.93236,                0.95323,                0.96433,                0.79299,                0.78186,                 0.4506,                0.99943,              0.0014128,              0.0014128,              0.0014128
                     80,                0.73605,                0.42528,                0.98847,                0.90664,                0.96339,                0.96011,                0.78639,                0.77609,                0.46227,                0.98898,              0.0014095,              0.0014095,              0.0014095
                     81,                0.72489,                0.41773,                0.98024,                0.91741,                0.95014,                0.95936,                0.78389,                0.77254,                0.45459,                0.98775,              0.0014062,              0.0014062,              0.0014062
                     82,                0.73257,                0.41883,                0.97949,                0.91463,                 0.9527,                0.95838,                0.78179,                0.77439,                0.45653,                0.99666,              0.0014029,              0.0014029,              0.0014029
                     83,                0.72703,                0.43642,                0.97921,                0.94715,                0.92264,                0.96186,                0.77121,                 0.7843,                0.44807,                 1.0016,              0.0013996,              0.0013996,              0.0013996
                     84,                0.73194,                0.42573,                0.98484,                0.92825,                0.95063,                0.96313,                0.78509,                0.76496,                0.44033,                0.99218,              0.0013963,              0.0013963,              0.0013963
                     85,                 0.7453,                0.42236,                 0.9904,                0.93374,                0.94854,                0.96723,                0.79483,                0.76051,                0.45603,                0.98999,               0.001393,               0.001393,               0.001393
                     86,                0.73933,                 0.4295,                 0.9793,                0.93843,                0.96031,                0.96783,                0.79158,                0.75375,                0.43712,                0.98894,              0.0013897,              0.0013897,              0.0013897
                     87,                0.74041,                0.42544,                0.98011,                0.91738,                0.97246,                0.96603,                0.79334,                0.77182,                0.42578,                 0.9896,              0.0013864,              0.0013864,              0.0013864
                     88,                0.71893,                0.41982,                0.97358,                0.95013,                0.93124,                 0.9578,                0.78299,                0.77856,                0.45085,                0.98295,              0.0013831,              0.0013831,              0.0013831
                     89,                0.73684,                0.41941,                0.98335,                0.93388,                0.93439,                0.95749,                0.77406,                  0.783,                0.46286,                0.99125,              0.0013798,              0.0013798,              0.0013798
                     90,                0.73268,                0.42242,                0.97535,                0.91895,                0.95831,                0.96487,                 0.7845,                0.77865,                0.45074,                0.99296,              0.0013765,              0.0013765,              0.0013765
                     91,                0.72787,                0.41481,                0.97519,                0.92255,                0.96817,                0.96323,                0.77882,                0.76319,                0.44325,                0.98932,              0.0013732,              0.0013732,              0.0013732
                     92,                0.70238,                0.41011,                0.97119,                0.93077,                0.94889,                0.96217,                0.78691,                0.77154,                0.45637,                0.98813,              0.0013699,              0.0013699,              0.0013699
                     93,                0.73912,                0.43093,                0.99491,                0.92622,                 0.9507,                0.96337,                0.77729,                0.78405,                0.44286,                0.98245,              0.0013666,              0.0013666,              0.0013666
                     94,                0.72076,                0.41751,                0.97887,                0.91577,                0.96081,                0.96168,                0.78463,                0.76399,                0.45897,                0.97355,              0.0013633,              0.0013633,              0.0013633
                     95,                0.71976,                0.41794,                 0.9746,                0.92928,                0.95583,                0.96748,                0.79322,                0.76223,                 0.4211,                0.97533,                0.00136,                0.00136,                0.00136
                     96,                0.71395,                0.41135,                0.96902,                0.92994,                0.95478,                 0.9636,                0.78615,                0.75742,                0.44305,                0.98116,              0.0013567,              0.0013567,              0.0013567
                     97,                0.70901,                0.40373,                0.95906,                0.91809,                0.96521,                0.96394,                0.79165,                0.74625,                0.43109,                0.97017,              0.0013534,              0.0013534,              0.0013534
                     98,                0.71303,                0.42479,                0.97271,                0.92142,                0.94218,                0.96244,                0.78221,                0.77013,                0.46578,                0.97905,              0.0013501,              0.0013501,              0.0013501
                     99,                0.71994,                0.41983,                0.97327,                 0.9202,                0.95487,                0.96504,                0.79013,                0.76332,                0.47317,                0.97183,              0.0013468,              0.0013468,              0.0013468
                    100,                0.71732,                0.41581,                0.98113,                0.93863,                0.94685,                0.96882,                0.77958,                0.78584,                0.47129,                 0.9844,              0.0013435,              0.0013435,              0.0013435
                    101,                0.71431,                  0.413,                0.98254,                0.94055,                0.94244,                 0.9663,                0.78934,                 0.7785,                0.44565,                0.99006,              0.0013402,              0.0013402,              0.0013402
                    102,                0.74065,                0.40803,                0.98542,                0.92677,                0.95577,                0.96819,                0.79902,                0.77089,                0.44213,                0.98208,              0.0013369,              0.0013369,              0.0013369
                    103,                0.73473,                0.41347,                0.99007,                0.92762,                0.94386,                0.96393,                0.79093,                0.77374,                0.44221,                0.98107,              0.0013336,              0.0013336,              0.0013336
                    104,                0.71139,                 0.4129,                0.97898,                0.92234,                0.93946,                0.96637,                0.79135,                 0.7667,                0.44792,                0.97353,              0.0013303,              0.0013303,              0.0013303
                    105,                0.69551,                0.39882,                0.97469,                0.91463,                0.96402,                0.96442,                 0.7847,                 0.7815,                0.45651,                0.99183,               0.001327,               0.001327,               0.001327
                    106,                0.68941,                0.39697,                0.97373,                0.92369,                0.94381,                0.96378,                0.79284,                0.76018,                0.43206,                0.98331,              0.0013237,              0.0013237,              0.0013237
                    107,                0.69736,                0.41245,                0.97182,                0.93816,                0.94633,                0.96114,                0.78633,                0.75199,                0.45269,                0.98358,              0.0013204,              0.0013204,              0.0013204
                    108,                 0.6778,                0.38968,                0.96618,                0.94313,                0.95112,                0.96533,                0.78887,                0.75676,                0.42634,                0.98193,              0.0013171,              0.0013171,              0.0013171
                    109,                0.69536,                0.40291,                0.97235,                0.92106,                0.96054,                0.95951,                0.79605,                 0.7557,                0.43134,                0.98638,              0.0013138,              0.0013138,              0.0013138
                    110,                 0.6952,                0.39521,                0.95882,                0.94083,                 0.9405,                0.95481,                0.77043,                0.78486,                0.43552,                 1.0043,              0.0013105,              0.0013105,              0.0013105
                    111,                0.70857,                0.41423,                0.99553,                 0.9376,                0.94085,                0.95752,                0.77173,                0.75198,                0.59937,                0.97467,              0.0013072,              0.0013072,              0.0013072
                    112,                0.69483,                0.40829,                0.97246,                0.91279,                 0.9607,                0.96315,                0.78175,                0.77399,                0.46138,                0.98337,              0.0013039,              0.0013039,              0.0013039
                    113,                0.71121,                0.40303,                0.96151,                0.92046,                0.96199,                0.95943,                0.79058,                 0.7538,                0.41801,                0.97134,              0.0013006,              0.0013006,              0.0013006
                    114,                0.68707,                0.39375,                0.96872,                0.90741,                0.96582,                0.95792,                0.78513,                0.76218,                  0.447,                0.97793,              0.0012973,              0.0012973,              0.0012973
                    115,                0.69404,                0.40335,                0.96794,                 0.9029,                0.96339,                0.96057,                0.79928,                0.74182,                 0.4408,                0.95956,               0.001294,               0.001294,               0.001294
                    116,                0.69057,                0.39934,                0.95639,                0.90641,                 0.9615,                0.97041,                0.79248,                 0.7657,                0.43532,                0.97458,              0.0012907,              0.0012907,              0.0012907
                    117,                0.68783,                0.39434,                0.96275,                0.93566,                0.93765,                0.96733,                 0.7928,                0.77791,                0.45367,                 0.9739,              0.0012874,              0.0012874,              0.0012874
                    118,                0.68752,                0.39645,                0.95852,                0.93021,                0.95142,                0.96508,                0.78946,                0.77327,                0.44746,                0.97597,              0.0012841,              0.0012841,              0.0012841
                    119,                 0.6869,                0.40701,                0.95444,                0.90448,                0.95904,                0.96209,                0.78813,                0.77291,                0.45231,                  0.981,              0.0012808,              0.0012808,              0.0012808
                    120,                 0.6917,                0.39934,                0.95762,                0.92915,                 0.9568,                0.96062,                0.78643,                0.76725,                0.45064,                0.97943,              0.0012775,              0.0012775,              0.0012775
                    121,                0.69853,                0.40915,                0.96556,                0.91014,                  0.971,                0.96339,                0.79411,                0.73761,                0.44449,                0.96319,              0.0012742,              0.0012742,              0.0012742
                    122,                0.67869,                0.38325,                0.95763,                0.92632,                 0.9405,                0.96722,                0.79701,                0.74502,                0.43514,                0.96658,              0.0012709,              0.0012709,              0.0012709
                    123,                0.68643,                0.38767,                0.96534,                 0.9449,                0.93854,                0.96517,                0.78822,                0.76906,                0.45215,                0.97157,              0.0012676,              0.0012676,              0.0012676
                    124,                0.68408,                0.38907,                0.96211,                0.91427,                0.96581,                0.96199,                0.78579,                0.76222,                0.42957,                0.97293,              0.0012643,              0.0012643,              0.0012643
                    125,                0.70266,                 0.3909,                0.96858,                0.91511,                0.96339,                0.97319,                0.78942,                0.76436,                0.42985,                0.97893,               0.001261,               0.001261,               0.001261
                    126,                0.67928,                0.38395,                0.95614,                0.92376,                0.96063,                0.95976,                0.78594,                0.77993,                0.44392,                0.98264,              0.0012577,              0.0012577,              0.0012577
                    127,                0.69687,                0.38739,                 0.9663,                 0.9129,                0.96158,                 0.9626,                0.78846,                0.76614,                0.44865,                0.97447,              0.0012544,              0.0012544,              0.0012544
                    128,                0.68871,                0.39183,                0.96694,                0.90498,                0.97126,                 0.9693,                0.79918,                0.76778,                0.44858,                0.98217,              0.0012511,              0.0012511,              0.0012511
                    129,                0.67734,                0.38668,                0.96623,                0.91113,                0.97173,                0.96896,                0.79061,                0.77626,                0.44308,                0.98839,              0.0012478,              0.0012478,              0.0012478
                    130,                0.69099,                0.39855,                0.96431,                0.91982,                0.95634,                0.96613,                0.80237,                0.72729,                0.44735,                0.96157,              0.0012445,              0.0012445,              0.0012445
                    131,                0.67533,                0.38225,                0.94978,                0.91999,                0.96947,                0.96669,                0.78967,                 0.7785,                0.42918,                0.97788,              0.0012412,              0.0012412,              0.0012412
                    132,                0.67703,                0.38987,                0.96036,                 0.9263,                0.95831,                 0.9633,                0.79501,                0.75096,                0.45817,                0.97216,              0.0012379,              0.0012379,              0.0012379
                    133,                0.67987,                0.38917,                0.95518,                0.92927,                0.95831,                0.96901,                0.79759,                0.75846,                0.42638,                 0.9752,              0.0012346,              0.0012346,              0.0012346
                    134,                0.65981,                0.38042,                0.95558,                0.94038,                0.93666,                0.96498,                0.79169,                 0.7641,                 0.4384,                0.97995,              0.0012313,              0.0012313,              0.0012313
                    135,                0.68721,                0.38992,                 0.9539,                0.92861,                0.95437,                0.96636,                 0.7849,                0.76826,                0.45545,                0.97381,               0.001228,               0.001228,               0.001228
                    136,                0.68151,                0.38149,                0.96072,                0.93276,                0.94641,                0.96046,                0.79333,                0.74357,                0.45245,                0.97011,              0.0012247,              0.0012247,              0.0012247
                    137,                0.67836,                0.38091,                0.94606,                0.93222,                0.95208,                 0.9688,                0.78981,                0.76894,                0.43164,                0.98845,              0.0012214,              0.0012214,              0.0012214
                    138,                0.68165,                0.38812,                0.95716,                0.91198,                 0.9583,                0.97014,                0.79713,                0.76233,                0.43794,                0.97649,              0.0012181,              0.0012181,              0.0012181
                    139,                0.67974,                0.38304,                0.96125,                0.92495,                0.94635,                 0.9675,                0.79225,                0.76446,                0.45137,                0.97304,              0.0012148,              0.0012148,              0.0012148
                    140,                0.67905,                0.37983,                0.95122,                0.92427,                0.96031,                0.96479,                0.79629,                0.76455,                0.42101,                0.96927,              0.0012115,              0.0012115,              0.0012115
                    141,                0.65451,                0.37656,                0.95245,                0.92625,                0.96078,                0.96746,                0.80315,                 0.7564,                0.42464,                0.97238,              0.0012082,              0.0012082,              0.0012082
                    142,                0.66511,                0.37112,                0.95318,                0.93333,                0.94816,                0.97096,                0.80218,                0.76215,                0.41815,                0.97519,              0.0012049,              0.0012049,              0.0012049
                    143,                0.66015,                0.37927,                0.94592,                 0.9158,                0.94712,                0.95548,                0.78657,                0.77815,                0.43697,                0.97345,              0.0012016,              0.0012016,              0.0012016
                    144,                0.65597,                0.37225,                0.94371,                 0.9245,                0.96369,                0.97124,                0.81044,                0.74821,                0.41721,                0.97028,              0.0011983,              0.0011983,              0.0011983
                    145,                0.66243,                0.37534,                0.95296,                0.92416,                0.94663,                0.96689,                0.80313,                0.75628,                0.43522,                0.98059,               0.001195,               0.001195,               0.001195
                    146,                0.66401,                0.37654,                0.94527,                0.92982,                0.94635,                0.95395,                0.78727,                0.75404,                0.45952,                0.97302,              0.0011917,              0.0011917,              0.0011917
                    147,                0.66495,                0.37524,                0.95603,                0.94111,                 0.9409,                0.95261,                0.78603,                0.74469,                0.44183,                0.96131,              0.0011884,              0.0011884,              0.0011884
                    148,                0.66723,                0.36768,                0.96071,                0.92818,                0.95263,                0.96294,                0.79391,                0.73552,                0.43095,                0.96756,              0.0011851,              0.0011851,              0.0011851
                    149,                0.67703,                0.38208,                0.96335,                0.91614,                0.94941,                0.96037,                0.78842,                0.76139,                0.44578,                0.98002,              0.0011818,              0.0011818,              0.0011818
                    150,                0.66262,                0.37348,                 0.9533,                0.91499,                0.96566,                0.96306,                0.79925,                0.74301,                 0.4388,                0.97401,              0.0011785,              0.0011785,              0.0011785
                    151,                0.67519,                0.37194,                0.95384,                0.93854,                0.94829,                0.95691,                0.79298,                0.74705,                0.44075,                0.96892,              0.0011752,              0.0011752,              0.0011752
                    152,                0.66186,                0.37322,                0.94659,                0.92335,                0.96737,                 0.9657,                0.79691,                 0.7595,                0.44396,                0.98151,              0.0011719,              0.0011719,              0.0011719
                    153,                0.66513,                0.37548,                0.95218,                0.92118,                 0.9513,                0.96182,                0.78727,                0.76807,                0.44755,                0.99186,              0.0011686,              0.0011686,              0.0011686
                    154,                 0.6582,                 0.3709,                  0.955,                0.93314,                0.93928,                0.96061,                0.79448,                0.75607,                0.43525,                  0.981,              0.0011653,              0.0011653,              0.0011653
                    155,                0.63996,                0.37194,                0.94307,                0.91725,                0.95038,                0.96328,                0.79356,                 0.7589,                0.44771,                0.98596,               0.001162,               0.001162,               0.001162
                    156,                 0.6383,                 0.3594,                0.93917,                0.92818,                0.94579,                0.96383,                0.79768,                0.75237,                0.41678,                0.99038,              0.0011587,              0.0011587,              0.0011587
                    157,                0.66256,                0.37041,                0.96636,                0.91116,                0.96411,                0.95212,                 0.7918,                0.76632,                0.42604,                0.98152,              0.0011554,              0.0011554,              0.0011554
                    158,                0.65985,                0.36994,                  0.952,                0.92745,                0.94968,                0.95711,                0.78921,                0.75605,                0.43381,                0.97701,              0.0011521,              0.0011521,              0.0011521
                    159,                0.67113,                 0.3707,                0.95435,                0.93631,                0.93439,                0.95766,                0.78599,                0.76231,                0.41701,                0.97844,              0.0011488,              0.0011488,              0.0011488
                    160,                0.66411,                0.36303,                0.95391,                0.90658,                0.96984,                0.96025,                0.79327,                0.76248,                0.43961,                0.97308,              0.0011455,              0.0011455,              0.0011455
                    161,                0.64126,                0.34868,                0.94327,                0.91069,                0.97041,                0.96394,                0.79846,                0.74141,                0.42675,                0.97191,              0.0011422,              0.0011422,              0.0011422
                    162,                0.66969,                0.37196,                0.95417,                0.91378,                0.96781,                0.96792,                0.79555,                0.76985,                0.42396,                0.98332,              0.0011389,              0.0011389,              0.0011389
                    163,                0.65642,                0.36817,                 0.9438,                0.92648,                0.94026,                0.96208,                0.78367,                0.76937,                0.45174,                0.98686,              0.0011356,              0.0011356,              0.0011356
                    164,                0.64026,                0.36151,                0.94725,                0.92421,                0.95353,                0.96296,                0.79133,                0.75027,                 0.4331,                0.98322,              0.0011323,              0.0011323,              0.0011323
                    165,                0.64091,                0.36478,                 0.9438,                0.92344,                0.95982,                0.96869,                0.79948,                0.75456,                0.43001,                0.97739,               0.001129,               0.001129,               0.001129
                    166,                0.61377,                0.34282,                0.93127,                0.94103,                  0.938,                0.96493,                0.78898,                0.76594,                0.44446,                 0.9942,              0.0011257,              0.0011257,              0.0011257
                    167,                0.64265,                0.36544,                0.94399,                0.93094,                 0.9565,                0.96565,                0.78939,                0.78551,                0.43471,                 1.0024,              0.0011224,              0.0011224,              0.0011224
                    168,                0.66351,                0.36797,                0.95071,                0.92216,                0.94801,                0.96232,                0.79192,                0.75854,                0.42687,                0.97411,              0.0011191,              0.0011191,              0.0011191
                    169,                0.63882,                0.36116,                0.93513,                0.92264,                0.95095,                0.96444,                0.80014,                0.75657,                0.42514,                0.96666,              0.0011158,              0.0011158,              0.0011158
                    170,                0.65573,                0.36597,                0.94477,                0.94408,                0.94062,                0.95816,                0.78486,                0.76244,                0.45039,                0.96949,              0.0011125,              0.0011125,              0.0011125
                    171,                0.63672,                0.35419,                0.94032,                0.92766,                0.94954,                0.96189,                0.79831,                0.75484,                0.47222,                0.96635,              0.0011092,              0.0011092,              0.0011092
                    172,                0.63417,                0.35272,                0.93788,                0.92804,                0.94205,                0.95937,                 0.7917,                0.76707,                0.47512,                0.97329,              0.0011059,              0.0011059,              0.0011059
                    173,                0.64629,                0.35859,                0.93705,                0.91646,                0.95831,                0.95818,                0.79195,                0.77157,                0.45609,                  0.978,              0.0011026,              0.0011026,              0.0011026
                    174,                0.62241,                0.34946,                0.93562,                 0.9415,                0.94876,                0.96089,                 0.8011,                0.75328,                0.44282,                0.97841,              0.0010993,              0.0010993,              0.0010993
                    175,                0.62519,                0.35352,                0.93397,                0.92409,                0.95677,                0.96361,                0.80301,                0.75133,                0.43013,                0.98313,               0.001096,               0.001096,               0.001096
                    176,                0.63296,                0.35911,                0.92581,                0.94095,                0.94635,                 0.9604,                0.78692,                0.75143,                0.43249,                0.98136,              0.0010927,              0.0010927,              0.0010927
                    177,                0.63268,                0.35919,                0.94105,                0.94712,                0.93323,                 0.9625,                0.78983,                0.75803,                0.44499,                0.97731,              0.0010894,              0.0010894,              0.0010894
                    178,                0.63255,                0.34924,                0.94647,                0.93307,                0.95323,                0.96164,                0.79375,                0.75244,                0.42121,                 0.9824,              0.0010861,              0.0010861,              0.0010861
                    179,                0.64042,                 0.3597,                0.93374,                0.94267,                0.95233,                0.95839,                0.79565,                0.75073,                0.42692,                 0.9702,              0.0010828,              0.0010828,              0.0010828
                    180,                0.62393,                0.35354,                 0.9348,                0.93267,                0.95116,                0.95955,                0.79494,                0.73662,                0.41457,                 0.9644,              0.0010795,              0.0010795,              0.0010795
                    181,                0.64295,                0.35599,                0.94389,                0.93374,                0.94358,                0.95832,                0.79369,                0.73453,                0.43255,                0.96325,              0.0010762,              0.0010762,              0.0010762
                    182,                0.64275,                0.35282,                0.94375,                0.92957,                0.94308,                0.96548,                0.79667,                0.75079,                0.44769,                0.96902,              0.0010729,              0.0010729,              0.0010729
                    183,                 0.6328,                0.36247,                0.94822,                0.92705,                0.96232,                0.96519,                0.80288,                0.75395,                 0.3887,                0.97587,              0.0010696,              0.0010696,              0.0010696
                    184,                0.62368,                0.34741,                0.93619,                0.92687,                0.96085,                0.96671,                0.80628,                0.74062,                0.41346,                0.96971,              0.0010663,              0.0010663,              0.0010663
                    185,                0.61066,                0.33906,                0.92645,                0.92873,                0.94633,                0.96622,                0.80688,                0.74863,                0.42695,                0.96632,               0.001063,               0.001063,               0.001063
                    186,                0.61576,                0.35093,                0.93067,                0.90072,                0.96067,                0.95929,                0.79852,                0.74742,                0.45017,                0.96549,              0.0010597,              0.0010597,              0.0010597
                    187,                0.62938,                0.35036,                0.93505,                0.91965,                0.95831,                0.96654,                0.80532,                0.75111,                 0.4459,                0.96678,              0.0010564,              0.0010564,              0.0010564
                    188,                0.59691,                0.33264,                 0.9271,                0.93114,                0.95831,                0.96549,                0.79688,                0.74382,                0.42165,                0.96992,              0.0010531,              0.0010531,              0.0010531
                    189,                 0.6296,                0.35117,                 0.9393,                0.92824,                 0.9565,                0.96619,                0.80353,                0.74474,                0.42049,                0.96187,              0.0010498,              0.0010498,              0.0010498
                    190,                 0.6169,                0.34644,                0.93811,                0.91658,                0.95705,                0.97008,                0.80361,                0.75644,                0.42364,                0.97475,              0.0010465,              0.0010465,              0.0010465
                    191,                0.61187,                0.33855,                0.93382,                0.90977,                0.96138,                0.96304,                0.80148,                0.74991,                 0.4198,                0.96424,              0.0010432,              0.0010432,              0.0010432
                    192,                0.62821,                0.34776,                0.93289,                0.90781,                0.95469,                0.96002,                0.79535,                0.75139,                0.44282,                0.96291,              0.0010399,              0.0010399,              0.0010399
                    193,                0.63428,                0.34582,                0.94397,                0.93137,                0.95831,                0.96616,                0.80146,                0.74568,                0.41138,                0.97307,              0.0010366,              0.0010366,              0.0010366
                    194,                0.62111,                0.35147,                0.93351,                0.93654,                0.94413,                0.96513,                0.80268,                0.73958,                0.41241,                 0.9759,              0.0010333,              0.0010333,              0.0010333
